standard,2015-1,Abdusattorov (17),2193.0
standard,2015-1,Firouzja (18),2291.0
standard,2015-1,Carlsen (31),2862.0
standard,2015-1,Duda (23),2591.0
standard,2015-1,Nakamura (34),2776.0
standard,2015-1,Goryachkina (23),2451.0
standard,2015-1,Anand (52),2797.0
standard,2015-2,Abdusattorov (17),2193.0
standard,2015-2,Firouzja (18),2305.0
standard,2015-2,Carlsen (31),2865.0
standard,2015-2,Duda (23),2591.0
standard,2015-2,Nakamura (34),2776.0
standard,2015-2,Goryachkina (23),2451.0
standard,2015-2,Anand (52),2797.0
standard,2015-3,Abdusattorov (17),2263.0
standard,2015-3,Firouzja (18),2312.0
standard,2015-3,Carlsen (31),2863.0
standard,2015-3,Duda (23),2597.0
standard,2015-3,Nakamura (34),2798.0
standard,2015-3,Goryachkina (23),2456.0
standard,2015-3,Anand (52),2791.0
standard,2015-4,Abdusattorov (17),2465.0
standard,2015-4,Firouzja (18),2278.0
standard,2015-4,Carlsen (31),2863.0
standard,2015-4,Duda (23),2608.0
standard,2015-4,Nakamura (34),2798.0
standard,2015-4,Goryachkina (23),2473.0
standard,2015-4,Anand (52),2791.0
standard,2015-5,Abdusattorov (17),2465.0
standard,2015-5,Firouzja (18),2277.0
standard,2015-5,Carlsen (31),2876.0
standard,2015-5,Duda (23),2610.0
standard,2015-5,Nakamura (34),2799.0
standard,2015-5,Goryachkina (23),2474.0
standard,2015-5,Anand (52),2804.0
standard,2015-6,Abdusattorov (17),2443.0
standard,2015-6,Firouzja (18),2277.0
standard,2015-6,Carlsen (31),2876.0
standard,2015-6,Duda (23),2610.0
standard,2015-6,Nakamura (34),2802.0
standard,2015-6,Goryachkina (23),2486.0
standard,2015-6,Anand (52),2804.0
standard,2015-7,Abdusattorov (17),2432.0
standard,2015-7,Firouzja (18),2277.0
standard,2015-7,Carlsen (31),2853.0
standard,2015-7,Duda (23),2632.0
standard,2015-7,Nakamura (34),2814.0
standard,2015-7,Goryachkina (23),2486.0
standard,2015-7,Anand (52),2816.0
standard,2015-8,Abdusattorov (17),2432.0
standard,2015-8,Firouzja (18),2309.0
standard,2015-8,Carlsen (31),2853.0
standard,2015-8,Duda (23),2645.0
standard,2015-8,Nakamura (34),2814.0
standard,2015-8,Goryachkina (23),2474.0
standard,2015-8,Anand (52),2816.0
standard,2015-9,Abdusattorov (17),2432.0
standard,2015-9,Firouzja (18),2323.0
standard,2015-9,Carlsen (31),2853.0
standard,2015-9,Duda (23),2645.0
standard,2015-9,Nakamura (34),2814.0
standard,2015-9,Goryachkina (23),2497.0
standard,2015-9,Anand (52),2816.0
standard,2015-10,Abdusattorov (17),2432.0
standard,2015-10,Firouzja (18),2364.0
standard,2015-10,Carlsen (31),2850.0
standard,2015-10,Duda (23),2658.0
standard,2015-10,Nakamura (34),2816.0
standard,2015-10,Goryachkina (23),2480.0
standard,2015-10,Anand (52),2803.0
standard,2015-11,Abdusattorov (17),2436.0
standard,2015-11,Firouzja (18),2386.0
standard,2015-11,Carlsen (31),2850.0
standard,2015-11,Duda (23),2658.0
standard,2015-11,Nakamura (34),2793.0
standard,2015-11,Goryachkina (23),2478.0
standard,2015-11,Anand (52),2803.0
standard,2015-12,Abdusattorov (17),2429.0
standard,2015-12,Firouzja (18),2372.0
standard,2015-12,Carlsen (31),2834.0
standard,2015-12,Duda (23),2663.0
standard,2015-12,Nakamura (34),2793.0
standard,2015-12,Goryachkina (23),2493.0
standard,2015-12,Anand (52),2796.0
standard,2016-1,Abdusattorov (17),2430.0
standard,2016-1,Firouzja (18),2455.0
standard,2016-1,Carlsen (31),2844.0
standard,2016-1,Duda (23),2660.0
standard,2016-1,Nakamura (34),2787.0
standard,2016-1,Goryachkina (23),2502.0
standard,2016-1,Anand (52),2784.0
standard,2016-2,Abdusattorov (17),2430.0
standard,2016-2,Firouzja (18),2475.0
standard,2016-2,Carlsen (31),2844.0
standard,2016-2,Duda (23),2660.0
standard,2016-2,Nakamura (34),2787.0
standard,2016-2,Goryachkina (23),2502.0
standard,2016-2,Anand (52),2784.0
standard,2016-3,Abdusattorov (17),2391.0
standard,2016-3,Firouzja (18),2475.0
standard,2016-3,Carlsen (31),2851.0
standard,2016-3,Duda (23),2652.0
standard,2016-3,Nakamura (34),2790.0
standard,2016-3,Goryachkina (23),2509.0
standard,2016-3,Anand (52),2762.0
standard,2016-4,Abdusattorov (17),2391.0
standard,2016-4,Firouzja (18),2468.0
standard,2016-4,Carlsen (31),2851.0
standard,2016-4,Duda (23),2663.0
standard,2016-4,Nakamura (34),2787.0
standard,2016-4,Goryachkina (23),2503.0
standard,2016-4,Anand (52),2770.0
standard,2016-5,Abdusattorov (17),2382.0
standard,2016-5,Firouzja (18),2485.0
standard,2016-5,Carlsen (31),2851.0
standard,2016-5,Duda (23),2666.0
standard,2016-5,Nakamura (34),2787.0
standard,2016-5,Goryachkina (23),2485.0
standard,2016-5,Anand (52),2770.0
standard,2016-6,Abdusattorov (17),2382.0
standard,2016-6,Firouzja (18),2485.0
standard,2016-6,Carlsen (31),2855.0
standard,2016-6,Duda (23),2660.0
standard,2016-6,Nakamura (34),2787.0
standard,2016-6,Goryachkina (23),2486.0
standard,2016-6,Anand (52),2770.0
standard,2016-7,Abdusattorov (17),2375.0
standard,2016-7,Firouzja (18),2481.0
standard,2016-7,Carlsen (31),2855.0
standard,2016-7,Duda (23),2671.0
standard,2016-7,Nakamura (34),2787.0
standard,2016-7,Goryachkina (23),2482.0
standard,2016-7,Anand (52),2770.0
standard,2016-8,Abdusattorov (17),2375.0
standard,2016-8,Firouzja (18),2464.0
standard,2016-8,Carlsen (31),2857.0
standard,2016-8,Duda (23),2675.0
standard,2016-8,Nakamura (34),2791.0
standard,2016-8,Goryachkina (23),2475.0
standard,2016-8,Anand (52),2770.0
standard,2016-9,Abdusattorov (17),2375.0
standard,2016-9,Firouzja (18),2463.0
standard,2016-9,Carlsen (31),2857.0
standard,2016-9,Duda (23),2675.0
standard,2016-9,Nakamura (34),2789.0
standard,2016-9,Goryachkina (23),2475.0
standard,2016-9,Anand (52),2776.0
standard,2016-10,Abdusattorov (17),2395.0
standard,2016-10,Firouzja (18),2469.0
standard,2016-10,Carlsen (31),2853.0
standard,2016-10,Duda (23),2678.0
standard,2016-10,Nakamura (34),2787.0
standard,2016-10,Goryachkina (23),2460.0
standard,2016-10,Anand (52),2776.0
standard,2016-11,Abdusattorov (17),2428.0
standard,2016-11,Firouzja (18),2474.0
standard,2016-11,Carlsen (31),2853.0
standard,2016-11,Duda (23),2684.0
standard,2016-11,Nakamura (34),2779.0
standard,2016-11,Goryachkina (23),2452.0
standard,2016-11,Anand (52),2779.0
standard,2016-12,Abdusattorov (17),2428.0
standard,2016-12,Firouzja (18),2456.0
standard,2016-12,Carlsen (31),2840.0
standard,2016-12,Duda (23),2684.0
standard,2016-12,Nakamura (34),2779.0
standard,2016-12,Goryachkina (23),2466.0
standard,2016-12,Anand (52),2779.0
standard,2017-1,Abdusattorov (17),2429.0
standard,2017-1,Firouzja (18),2456.0
standard,2017-1,Carlsen (31),2840.0
standard,2017-1,Duda (23),2684.0
standard,2017-1,Nakamura (34),2785.0
standard,2017-1,Goryachkina (23),2466.0
standard,2017-1,Anand (52),2786.0
standard,2017-2,Abdusattorov (17),2429.0
standard,2017-2,Firouzja (18),2465.0
standard,2017-2,Carlsen (31),2838.0
standard,2017-2,Duda (23),2684.0
standard,2017-2,Nakamura (34),2785.0
standard,2017-2,Goryachkina (23),2466.0
standard,2017-2,Anand (52),2786.0
standard,2017-3,Abdusattorov (17),2429.0
standard,2017-3,Firouzja (18),2470.0
standard,2017-3,Carlsen (31),2838.0
standard,2017-3,Duda (23),2684.0
standard,2017-3,Nakamura (34),2793.0
standard,2017-3,Goryachkina (23),2459.0
standard,2017-3,Anand (52),2786.0
standard,2017-4,Abdusattorov (17),2437.0
standard,2017-4,Firouzja (18),2492.0
standard,2017-4,Carlsen (31),2838.0
standard,2017-4,Duda (23),2684.0
standard,2017-4,Nakamura (34),2793.0
standard,2017-4,Goryachkina (23),2452.0
standard,2017-4,Anand (52),2786.0
standard,2017-5,Abdusattorov (17),2453.0
standard,2017-5,Firouzja (18),2487.0
standard,2017-5,Carlsen (31),2832.0
standard,2017-5,Duda (23),2693.0
standard,2017-5,Nakamura (34),2786.0
standard,2017-5,Goryachkina (23),2470.0
standard,2017-5,Anand (52),2786.0
standard,2017-6,Abdusattorov (17),2462.0
standard,2017-6,Firouzja (18),2499.0
standard,2017-6,Carlsen (31),2832.0
standard,2017-6,Duda (23),2697.0
standard,2017-6,Nakamura (34),2785.0
standard,2017-6,Goryachkina (23),2477.0
standard,2017-6,Anand (52),2786.0
standard,2017-7,Abdusattorov (17),2467.0
standard,2017-7,Firouzja (18),2499.0
standard,2017-7,Carlsen (31),2822.0
standard,2017-7,Duda (23),2707.0
standard,2017-7,Nakamura (34),2792.0
standard,2017-7,Goryachkina (23),2478.0
standard,2017-7,Anand (52),2783.0
standard,2017-8,Abdusattorov (17),2470.0
standard,2017-8,Firouzja (18),2517.0
standard,2017-8,Carlsen (31),2822.0
standard,2017-8,Duda (23),2707.0
standard,2017-8,Nakamura (34),2792.0
standard,2017-8,Goryachkina (23),2478.0
standard,2017-8,Anand (52),2783.0
standard,2017-9,Abdusattorov (17),2486.0
standard,2017-9,Firouzja (18),2527.0
standard,2017-9,Carlsen (31),2827.0
standard,2017-9,Duda (23),2698.0
standard,2017-9,Nakamura (34),2781.0
standard,2017-9,Goryachkina (23),2478.0
standard,2017-9,Anand (52),2794.0
standard,2017-10,Abdusattorov (17),2498.0
standard,2017-10,Firouzja (18),2525.0
standard,2017-10,Carlsen (31),2826.0
standard,2017-10,Duda (23),2706.0
standard,2017-10,Nakamura (34),2774.0
standard,2017-10,Goryachkina (23),2478.0
standard,2017-10,Anand (52),2783.0
standard,2017-11,Abdusattorov (17),2498.0
standard,2017-11,Firouzja (18),2521.0
standard,2017-11,Carlsen (31),2837.0
standard,2017-11,Duda (23),2710.0
standard,2017-11,Nakamura (34),2780.0
standard,2017-11,Goryachkina (23),2478.0
standard,2017-11,Anand (52),2782.0
standard,2017-12,Abdusattorov (17),2516.0
standard,2017-12,Firouzja (18),2509.0
standard,2017-12,Carlsen (31),2837.0
standard,2017-12,Duda (23),2717.0
standard,2017-12,Nakamura (34),2781.0
standard,2017-12,Goryachkina (23),2486.0
standard,2017-12,Anand (52),2782.0
standard,2018-1,Abdusattorov (17),2516.0
standard,2018-1,Firouzja (18),2549.0
standard,2018-1,Carlsen (31),2834.0
standard,2018-1,Duda (23),2724.0
standard,2018-1,Nakamura (34),2781.0
standard,2018-1,Goryachkina (23),2493.0
standard,2018-1,Anand (52),2767.0
standard,2018-2,Abdusattorov (17),2516.0
standard,2018-2,Firouzja (18),2549.0
standard,2018-2,Carlsen (31),2843.0
standard,2018-2,Duda (23),2724.0
standard,2018-2,Nakamura (34),2781.0
standard,2018-2,Goryachkina (23),2493.0
standard,2018-2,Anand (52),2779.0
standard,2018-3,Abdusattorov (17),2518.0
standard,2018-3,Firouzja (18),2558.0
standard,2018-3,Carlsen (31),2843.0
standard,2018-3,Duda (23),2724.0
standard,2018-3,Nakamura (34),2787.0
standard,2018-3,Goryachkina (23),2491.0
standard,2018-3,Anand (52),2776.0
standard,2018-4,Abdusattorov (17),2540.0
standard,2018-4,Firouzja (18),2572.0
standard,2018-4,Carlsen (31),2843.0
standard,2018-4,Duda (23),2724.0
standard,2018-4,Nakamura (34),2787.0
standard,2018-4,Goryachkina (23),2495.0
standard,2018-4,Anand (52),2776.0
standard,2018-5,Abdusattorov (17),2550.0
standard,2018-5,Firouzja (18),2570.0
standard,2018-5,Carlsen (31),2843.0
standard,2018-5,Duda (23),2724.0
standard,2018-5,Nakamura (34),2769.0
standard,2018-5,Goryachkina (23),2496.0
standard,2018-5,Anand (52),2760.0
standard,2018-6,Abdusattorov (17),2534.0
standard,2018-6,Firouzja (18),2561.0
standard,2018-6,Carlsen (31),2843.0
standard,2018-6,Duda (23),2731.0
standard,2018-6,Nakamura (34),2769.0
standard,2018-6,Goryachkina (23),2505.0
standard,2018-6,Anand (52),2759.0
standard,2018-7,Abdusattorov (17),2534.0
standard,2018-7,Firouzja (18),2561.0
standard,2018-7,Carlsen (31),2842.0
standard,2018-7,Duda (23),2737.0
standard,2018-7,Nakamura (34),2777.0
standard,2018-7,Goryachkina (23),2509.0
standard,2018-7,Anand (52),2768.0
standard,2018-8,Abdusattorov (17),2539.0
standard,2018-8,Firouzja (18),2561.0
standard,2018-8,Carlsen (31),2842.0
standard,2018-8,Duda (23),2740.0
standard,2018-8,Nakamura (34),2777.0
standard,2018-8,Goryachkina (23),2535.0
standard,2018-8,Anand (52),2768.0
standard,2018-9,Abdusattorov (17),2558.0
standard,2018-9,Firouzja (18),2582.0
standard,2018-9,Carlsen (31),2839.0
standard,2018-9,Duda (23),2739.0
standard,2018-9,Nakamura (34),2763.0
standard,2018-9,Goryachkina (23),2535.0
standard,2018-9,Anand (52),2771.0
standard,2018-10,Abdusattorov (17),2558.0
standard,2018-10,Firouzja (18),2600.0
standard,2018-10,Carlsen (31),2839.0
standard,2018-10,Duda (23),2739.0
standard,2018-10,Nakamura (34),2763.0
standard,2018-10,Goryachkina (23),2536.0
standard,2018-10,Anand (52),2771.0
standard,2018-11,Abdusattorov (17),2560.0
standard,2018-11,Firouzja (18),2607.0
standard,2018-11,Carlsen (31),2835.0
standard,2018-11,Duda (23),2738.0
standard,2018-11,Nakamura (34),2746.0
standard,2018-11,Goryachkina (23),2534.0
standard,2018-11,Anand (52),2773.0
standard,2018-12,Abdusattorov (17),2546.0
standard,2018-12,Firouzja (18),2607.0
standard,2018-12,Carlsen (31),2835.0
standard,2018-12,Duda (23),2738.0
standard,2018-12,Nakamura (34),2746.0
standard,2018-12,Goryachkina (23),2518.0
standard,2018-12,Anand (52),2773.0
standard,2019-1,Abdusattorov (17),2560.0
standard,2019-1,Firouzja (18),2618.0
standard,2019-1,Carlsen (31),2835.0
standard,2019-1,Duda (23),2738.0
standard,2019-1,Nakamura (34),2749.0
standard,2019-1,Goryachkina (23),2518.0
standard,2019-1,Anand (52),2773.0
standard,2019-2,Abdusattorov (17),2560.0
standard,2019-2,Firouzja (18),2618.0
standard,2019-2,Carlsen (31),2845.0
standard,2019-2,Duda (23),2731.0
standard,2019-2,Nakamura (34),2749.0
standard,2019-2,Goryachkina (23),2518.0
standard,2019-2,Anand (52),2779.0
standard,2019-3,Abdusattorov (17),2560.0
standard,2019-3,Firouzja (18),2657.0
standard,2019-3,Carlsen (31),2845.0
standard,2019-3,Duda (23),2731.0
standard,2019-3,Nakamura (34),2746.0
standard,2019-3,Goryachkina (23),2504.0
standard,2019-3,Anand (52),2779.0
standard,2019-4,Abdusattorov (17),2578.0
standard,2019-4,Firouzja (18),2669.0
standard,2019-4,Carlsen (31),2845.0
standard,2019-4,Duda (23),2728.0
standard,2019-4,Nakamura (34),2746.0
standard,2019-4,Goryachkina (23),2534.0
standard,2019-4,Anand (52),2774.0
standard,2019-5,Abdusattorov (17),2597.0
standard,2019-5,Firouzja (18),2682.0
standard,2019-5,Carlsen (31),2861.0
standard,2019-5,Duda (23),2728.0
standard,2019-5,Nakamura (34),2761.0
standard,2019-5,Goryachkina (23),2522.0
standard,2019-5,Anand (52),2774.0
standard,2019-6,Abdusattorov (17),2598.0
standard,2019-6,Firouzja (18),2682.0
standard,2019-6,Carlsen (31),2875.0
standard,2019-6,Duda (23),2729.0
standard,2019-6,Nakamura (34),2754.0
standard,2019-6,Goryachkina (23),2537.0
standard,2019-6,Anand (52),2767.0
standard,2019-7,Abdusattorov (17),2598.0
standard,2019-7,Firouzja (18),2685.0
standard,2019-7,Carlsen (31),2872.0
standard,2019-7,Duda (23),2729.0
standard,2019-7,Nakamura (34),2754.0
standard,2019-7,Goryachkina (23),2564.0
standard,2019-7,Anand (52),2764.0
standard,2019-8,Abdusattorov (17),2594.0
standard,2019-8,Firouzja (18),2702.0
standard,2019-8,Carlsen (31),2882.0
standard,2019-8,Duda (23),2730.0
standard,2019-8,Nakamura (34),2743.0
standard,2019-8,Goryachkina (23),2564.0
standard,2019-8,Anand (52),2756.0
standard,2019-9,Abdusattorov (17),2608.0
standard,2019-9,Firouzja (18),2702.0
standard,2019-9,Carlsen (31),2876.0
standard,2019-9,Duda (23),2730.0
standard,2019-9,Nakamura (34),2745.0
standard,2019-9,Goryachkina (23),2564.0
standard,2019-9,Anand (52),2765.0
standard,2019-10,Abdusattorov (17),2608.0
standard,2019-10,Firouzja (18),2702.0
standard,2019-10,Carlsen (31),2876.0
standard,2019-10,Duda (23),2734.0
standard,2019-10,Nakamura (34),2745.0
standard,2019-10,Goryachkina (23),2575.0
standard,2019-10,Anand (52),2765.0
standard,2019-11,Abdusattorov (17),2633.0
standard,2019-11,Firouzja (18),2720.0
standard,2019-11,Carlsen (31),2870.0
standard,2019-11,Duda (23),2748.0
standard,2019-11,Nakamura (34),2741.0
standard,2019-11,Goryachkina (23),2575.0
standard,2019-11,Anand (52),2757.0
standard,2019-12,Abdusattorov (17),2635.0
standard,2019-12,Firouzja (18),2723.0
standard,2019-12,Carlsen (31),2872.0
standard,2019-12,Duda (23),2758.0
standard,2019-12,Nakamura (34),2736.0
standard,2019-12,Goryachkina (23),2572.0
standard,2019-12,Anand (52),2757.0
standard,2020-1,Abdusattorov (17),2635.0
standard,2020-1,Firouzja (18),2723.0
standard,2020-1,Carlsen (31),2872.0
standard,2020-1,Duda (23),2758.0
standard,2020-1,Nakamura (34),2736.0
standard,2020-1,Goryachkina (23),2578.0
standard,2020-1,Anand (52),2758.0
standard,2020-2,Abdusattorov (17),2644.0
standard,2020-2,Firouzja (18),2726.0
standard,2020-2,Carlsen (31),2862.0
standard,2020-2,Duda (23),2755.0
standard,2020-2,Nakamura (34),2736.0
standard,2020-2,Goryachkina (23),2579.0
standard,2020-2,Anand (52),2755.0
standard,2020-3,Abdusattorov (17),2627.0
standard,2020-3,Firouzja (18),2728.0
standard,2020-3,Carlsen (31),2862.0
standard,2020-3,Duda (23),2753.0
standard,2020-3,Nakamura (34),2736.0
standard,2020-3,Goryachkina (23),2579.0
standard,2020-3,Anand (52),2753.0
standard,2020-4,Abdusattorov (17),2627.0
standard,2020-4,Firouzja (18),2728.0
standard,2020-4,Carlsen (31),2863.0
standard,2020-4,Duda (23),2753.0
standard,2020-4,Nakamura (34),2736.0
standard,2020-4,Goryachkina (23),2582.0
standard,2020-4,Anand (52),2753.0
standard,2020-5,Abdusattorov (17),2627.0
standard,2020-5,Firouzja (18),2728.0
standard,2020-5,Carlsen (31),2863.0
standard,2020-5,Duda (23),2753.0
standard,2020-5,Nakamura (34),2736.0
standard,2020-5,Goryachkina (23),2582.0
standard,2020-5,Anand (52),2753.0
standard,2020-6,Abdusattorov (17),2627.0
standard,2020-6,Firouzja (18),2728.0
standard,2020-6,Carlsen (31),2863.0
standard,2020-6,Duda (23),2753.0
standard,2020-6,Nakamura (34),2736.0
standard,2020-6,Goryachkina (23),2582.0
standard,2020-6,Anand (52),2753.0
standard,2020-7,Abdusattorov (17),2627.0
standard,2020-7,Firouzja (18),2728.0
standard,2020-7,Carlsen (31),2863.0
standard,2020-7,Duda (23),2753.0
standard,2020-7,Nakamura (34),2736.0
standard,2020-7,Goryachkina (23),2582.0
standard,2020-7,Anand (52),2753.0
standard,2020-8,Abdusattorov (17),2627.0
standard,2020-8,Firouzja (18),2728.0
standard,2020-8,Carlsen (31),2863.0
standard,2020-8,Duda (23),2753.0
standard,2020-8,Nakamura (34),2736.0
standard,2020-8,Goryachkina (23),2582.0
standard,2020-8,Anand (52),2753.0
standard,2020-9,Abdusattorov (17),2627.0
standard,2020-9,Firouzja (18),2728.0
standard,2020-9,Carlsen (31),2863.0
standard,2020-9,Duda (23),2753.0
standard,2020-9,Nakamura (34),2736.0
standard,2020-9,Goryachkina (23),2582.0
standard,2020-9,Anand (52),2753.0
standard,2020-10,Abdusattorov (17),2627.0
standard,2020-10,Firouzja (18),2728.0
standard,2020-10,Carlsen (31),2863.0
standard,2020-10,Duda (23),2757.0
standard,2020-10,Nakamura (34),2736.0
standard,2020-10,Goryachkina (23),2582.0
standard,2020-10,Anand (52),2753.0
standard,2020-11,Abdusattorov (17),2627.0
standard,2020-11,Firouzja (18),2749.0
standard,2020-11,Carlsen (31),2862.0
standard,2020-11,Duda (23),2743.0
standard,2020-11,Nakamura (34),2736.0
standard,2020-11,Goryachkina (23),2592.0
standard,2020-11,Anand (52),2753.0
standard,2020-12,Abdusattorov (17),2627.0
standard,2020-12,Firouzja (18),2749.0
standard,2020-12,Carlsen (31),2862.0
standard,2020-12,Duda (23),2743.0
standard,2020-12,Nakamura (34),2736.0
standard,2020-12,Goryachkina (23),2593.0
standard,2020-12,Anand (52),2753.0
rapid,2015-1,Abdusattorov (17),2041.0
rapid,2015-1,Firouzja (18),2120.0
rapid,2015-1,Carlsen (31),2855.0
rapid,2015-1,Duda (23),2560.0
rapid,2015-1,Nakamura (34),2844.0
rapid,2015-1,Goryachkina (23),2423.0
rapid,2015-1,Anand (52),2808.0
rapid,2015-2,Abdusattorov (17),2043.0
rapid,2015-2,Firouzja (18),2120.0
rapid,2015-2,Carlsen (31),2855.0
rapid,2015-2,Duda (23),2560.0
rapid,2015-2,Nakamura (34),2844.0
rapid,2015-2,Goryachkina (23),2423.0
rapid,2015-2,Anand (52),2808.0
rapid,2015-3,Abdusattorov (17),2043.0
rapid,2015-3,Firouzja (18),2120.0
rapid,2015-3,Carlsen (31),2855.0
rapid,2015-3,Duda (23),2560.0
rapid,2015-3,Nakamura (34),2850.0
rapid,2015-3,Goryachkina (23),2423.0
rapid,2015-3,Anand (52),2800.0
rapid,2015-4,Abdusattorov (17),2043.0
rapid,2015-4,Firouzja (18),2120.0
rapid,2015-4,Carlsen (31),2847.0
rapid,2015-4,Duda (23),2560.0
rapid,2015-4,Nakamura (34),2850.0
rapid,2015-4,Goryachkina (23),2423.0
rapid,2015-4,Anand (52),2800.0
rapid,2015-5,Abdusattorov (17),2043.0
rapid,2015-5,Firouzja (18),2120.0
rapid,2015-5,Carlsen (31),2847.0
rapid,2015-5,Duda (23),2560.0
rapid,2015-5,Nakamura (34),2850.0
rapid,2015-5,Goryachkina (23),2428.0
rapid,2015-5,Anand (52),2800.0
rapid,2015-6,Abdusattorov (17),2099.0
rapid,2015-6,Firouzja (18),2120.0
rapid,2015-6,Carlsen (31),2847.0
rapid,2015-6,Duda (23),2560.0
rapid,2015-6,Nakamura (34),2850.0
rapid,2015-6,Goryachkina (23),2453.0
rapid,2015-6,Anand (52),2800.0
rapid,2015-7,Abdusattorov (17),2099.0
rapid,2015-7,Firouzja (18),2168.0
rapid,2015-7,Carlsen (31),2847.0
rapid,2015-7,Duda (23),2560.0
rapid,2015-7,Nakamura (34),2850.0
rapid,2015-7,Goryachkina (23),2453.0
rapid,2015-7,Anand (52),2800.0
rapid,2015-8,Abdusattorov (17),2099.0
rapid,2015-8,Firouzja (18),2213.0
rapid,2015-8,Carlsen (31),2847.0
rapid,2015-8,Duda (23),2560.0
rapid,2015-8,Nakamura (34),2850.0
rapid,2015-8,Goryachkina (23),2453.0
rapid,2015-8,Anand (52),2800.0
rapid,2015-9,Abdusattorov (17),2099.0
rapid,2015-9,Firouzja (18),2213.0
rapid,2015-9,Carlsen (31),2847.0
rapid,2015-9,Duda (23),2560.0
rapid,2015-9,Nakamura (34),2850.0
rapid,2015-9,Goryachkina (23),2453.0
rapid,2015-9,Anand (52),2800.0
rapid,2015-10,Abdusattorov (17),2099.0
rapid,2015-10,Firouzja (18),2213.0
rapid,2015-10,Carlsen (31),2847.0
rapid,2015-10,Duda (23),2560.0
rapid,2015-10,Nakamura (34),2850.0
rapid,2015-10,Goryachkina (23),2453.0
rapid,2015-10,Anand (52),2800.0
rapid,2015-11,Abdusattorov (17),2099.0
rapid,2015-11,Firouzja (18),2213.0
rapid,2015-11,Carlsen (31),2873.0
rapid,2015-11,Duda (23),2603.0
rapid,2015-11,Nakamura (34),2842.0
rapid,2015-11,Goryachkina (23),2453.0
rapid,2015-11,Anand (52),2777.0
rapid,2015-12,Abdusattorov (17),2099.0
rapid,2015-12,Firouzja (18),2213.0
rapid,2015-12,Carlsen (31),2873.0
rapid,2015-12,Duda (23),2603.0
rapid,2015-12,Nakamura (34),2842.0
rapid,2015-12,Goryachkina (23),2453.0
rapid,2015-12,Anand (52),2777.0
rapid,2016-1,Abdusattorov (17),2099.0
rapid,2016-1,Firouzja (18),2213.0
rapid,2016-1,Carlsen (31),2878.0
rapid,2016-1,Duda (23),2603.0
rapid,2016-1,Nakamura (34),2842.0
rapid,2016-1,Goryachkina (23),2424.0
rapid,2016-1,Anand (52),2777.0
rapid,2016-2,Abdusattorov (17),2099.0
rapid,2016-2,Firouzja (18),2213.0
rapid,2016-2,Carlsen (31),2878.0
rapid,2016-2,Duda (23),2632.0
rapid,2016-2,Nakamura (34),2842.0
rapid,2016-2,Goryachkina (23),2424.0
rapid,2016-2,Anand (52),2777.0
rapid,2016-3,Abdusattorov (17),2099.0
rapid,2016-3,Firouzja (18),2213.0
rapid,2016-3,Carlsen (31),2878.0
rapid,2016-3,Duda (23),2632.0
rapid,2016-3,Nakamura (34),2846.0
rapid,2016-3,Goryachkina (23),2424.0
rapid,2016-3,Anand (52),2795.0
rapid,2016-4,Abdusattorov (17),2117.0
rapid,2016-4,Firouzja (18),2253.0
rapid,2016-4,Carlsen (31),2878.0
rapid,2016-4,Duda (23),2632.0
rapid,2016-4,Nakamura (34),2846.0
rapid,2016-4,Goryachkina (23),2424.0
rapid,2016-4,Anand (52),2795.0
rapid,2016-5,Abdusattorov (17),2117.0
rapid,2016-5,Firouzja (18),2285.0
rapid,2016-5,Carlsen (31),2878.0
rapid,2016-5,Duda (23),2632.0
rapid,2016-5,Nakamura (34),2846.0
rapid,2016-5,Goryachkina (23),2424.0
rapid,2016-5,Anand (52),2795.0
rapid,2016-6,Abdusattorov (17),2117.0
rapid,2016-6,Firouzja (18),2285.0
rapid,2016-6,Carlsen (31),2878.0
rapid,2016-6,Duda (23),2632.0
rapid,2016-6,Nakamura (34),2846.0
rapid,2016-6,Goryachkina (23),2424.0
rapid,2016-6,Anand (52),2795.0
rapid,2016-7,Abdusattorov (17),2159.0
rapid,2016-7,Firouzja (18),2285.0
rapid,2016-7,Carlsen (31),2894.0
rapid,2016-7,Duda (23),2632.0
rapid,2016-7,Nakamura (34),2839.0
rapid,2016-7,Goryachkina (23),2424.0
rapid,2016-7,Anand (52),2802.0
rapid,2016-8,Abdusattorov (17),2159.0
rapid,2016-8,Firouzja (18),2270.0
rapid,2016-8,Carlsen (31),2894.0
rapid,2016-8,Duda (23),2632.0
rapid,2016-8,Nakamura (34),2839.0
rapid,2016-8,Goryachkina (23),2424.0
rapid,2016-8,Anand (52),2802.0
rapid,2016-9,Abdusattorov (17),2159.0
rapid,2016-9,Firouzja (18),2270.0
rapid,2016-9,Carlsen (31),2894.0
rapid,2016-9,Duda (23),2632.0
rapid,2016-9,Nakamura (34),2839.0
rapid,2016-9,Goryachkina (23),2424.0
rapid,2016-9,Anand (52),2802.0
rapid,2016-10,Abdusattorov (17),2159.0
rapid,2016-10,Firouzja (18),2270.0
rapid,2016-10,Carlsen (31),2894.0
rapid,2016-10,Duda (23),2632.0
rapid,2016-10,Nakamura (34),2839.0
rapid,2016-10,Goryachkina (23),2424.0
rapid,2016-10,Anand (52),2802.0
rapid,2016-11,Abdusattorov (17),2159.0
rapid,2016-11,Firouzja (18),2270.0
rapid,2016-11,Carlsen (31),2894.0
rapid,2016-11,Duda (23),2632.0
rapid,2016-11,Nakamura (34),2839.0
rapid,2016-11,Goryachkina (23),2456.0
rapid,2016-11,Anand (52),2802.0
rapid,2016-12,Abdusattorov (17),2159.0
rapid,2016-12,Firouzja (18),2270.0
rapid,2016-12,Carlsen (31),2906.0
rapid,2016-12,Duda (23),2659.0
rapid,2016-12,Nakamura (34),2839.0
rapid,2016-12,Goryachkina (23),2466.0
rapid,2016-12,Anand (52),2802.0
rapid,2017-1,Abdusattorov (17),2159.0
rapid,2017-1,Firouzja (18),2368.0
rapid,2017-1,Carlsen (31),2896.0
rapid,2017-1,Duda (23),2659.0
rapid,2017-1,Nakamura (34),2790.0
rapid,2017-1,Goryachkina (23),2462.0
rapid,2017-1,Anand (52),2789.0
rapid,2017-2,Abdusattorov (17),2159.0
rapid,2017-2,Firouzja (18),2368.0
rapid,2017-2,Carlsen (31),2896.0
rapid,2017-2,Duda (23),2675.0
rapid,2017-2,Nakamura (34),2790.0
rapid,2017-2,Goryachkina (23),2462.0
rapid,2017-2,Anand (52),2789.0
rapid,2017-3,Abdusattorov (17),2159.0
rapid,2017-3,Firouzja (18),2368.0
rapid,2017-3,Carlsen (31),2896.0
rapid,2017-3,Duda (23),2675.0
rapid,2017-3,Nakamura (34),2796.0
rapid,2017-3,Goryachkina (23),2462.0
rapid,2017-3,Anand (52),2789.0
rapid,2017-4,Abdusattorov (17),2159.0
rapid,2017-4,Firouzja (18),2368.0
rapid,2017-4,Carlsen (31),2896.0
rapid,2017-4,Duda (23),2675.0
rapid,2017-4,Nakamura (34),2796.0
rapid,2017-4,Goryachkina (23),2462.0
rapid,2017-4,Anand (52),2789.0
rapid,2017-5,Abdusattorov (17),2159.0
rapid,2017-5,Firouzja (18),2368.0
rapid,2017-5,Carlsen (31),2896.0
rapid,2017-5,Duda (23),2675.0
rapid,2017-5,Nakamura (34),2796.0
rapid,2017-5,Goryachkina (23),2462.0
rapid,2017-5,Anand (52),2789.0
rapid,2017-6,Abdusattorov (17),2159.0
rapid,2017-6,Firouzja (18),2346.0
rapid,2017-6,Carlsen (31),2896.0
rapid,2017-6,Duda (23),2675.0
rapid,2017-6,Nakamura (34),2796.0
rapid,2017-6,Goryachkina (23),2462.0
rapid,2017-6,Anand (52),2789.0
rapid,2017-7,Abdusattorov (17),2205.0
rapid,2017-7,Firouzja (18),2346.0
rapid,2017-7,Carlsen (31),2919.0
rapid,2017-7,Duda (23),2675.0
rapid,2017-7,Nakamura (34),2822.0
rapid,2017-7,Goryachkina (23),2462.0
rapid,2017-7,Anand (52),2789.0
rapid,2017-8,Abdusattorov (17),2205.0
rapid,2017-8,Firouzja (18),2346.0
rapid,2017-8,Carlsen (31),2909.0
rapid,2017-8,Duda (23),2675.0
rapid,2017-8,Nakamura (34),2822.0
rapid,2017-8,Goryachkina (23),2462.0
rapid,2017-8,Anand (52),2778.0
rapid,2017-9,Abdusattorov (17),2205.0
rapid,2017-9,Firouzja (18),2346.0
rapid,2017-9,Carlsen (31),2909.0
rapid,2017-9,Duda (23),2675.0
rapid,2017-9,Nakamura (34),2830.0
rapid,2017-9,Goryachkina (23),2462.0
rapid,2017-9,Anand (52),2758.0
rapid,2017-10,Abdusattorov (17),2220.0
rapid,2017-10,Firouzja (18),2346.0
rapid,2017-10,Carlsen (31),2909.0
rapid,2017-10,Duda (23),2678.0
rapid,2017-10,Nakamura (34),2829.0
rapid,2017-10,Goryachkina (23),2462.0
rapid,2017-10,Anand (52),2758.0
rapid,2017-11,Abdusattorov (17),2220.0
rapid,2017-11,Firouzja (18),2340.0
rapid,2017-11,Carlsen (31),2909.0
rapid,2017-11,Duda (23),2678.0
rapid,2017-11,Nakamura (34),2829.0
rapid,2017-11,Goryachkina (23),2487.0
rapid,2017-11,Anand (52),2758.0
rapid,2017-12,Abdusattorov (17),2220.0
rapid,2017-12,Firouzja (18),2340.0
rapid,2017-12,Carlsen (31),2908.0
rapid,2017-12,Duda (23),2678.0
rapid,2017-12,Nakamura (34),2823.0
rapid,2017-12,Goryachkina (23),2460.0
rapid,2017-12,Anand (52),2758.0
rapid,2018-1,Abdusattorov (17),2220.0
rapid,2018-1,Firouzja (18),2340.0
rapid,2018-1,Carlsen (31),2880.0
rapid,2018-1,Duda (23),2725.0
rapid,2018-1,Nakamura (34),2823.0
rapid,2018-1,Goryachkina (23),2476.0
rapid,2018-1,Anand (52),2805.0
rapid,2018-2,Abdusattorov (17),2220.0
rapid,2018-2,Firouzja (18),2367.0
rapid,2018-2,Carlsen (31),2880.0
rapid,2018-2,Duda (23),2725.0
rapid,2018-2,Nakamura (34),2823.0
rapid,2018-2,Goryachkina (23),2476.0
rapid,2018-2,Anand (52),2805.0
rapid,2018-3,Abdusattorov (17),2220.0
rapid,2018-3,Firouzja (18),2367.0
rapid,2018-3,Carlsen (31),2880.0
rapid,2018-3,Duda (23),2725.0
rapid,2018-3,Nakamura (34),2820.0
rapid,2018-3,Goryachkina (23),2476.0
rapid,2018-3,Anand (52),2805.0
rapid,2018-4,Abdusattorov (17),2220.0
rapid,2018-4,Firouzja (18),2367.0
rapid,2018-4,Carlsen (31),2880.0
rapid,2018-4,Duda (23),2715.0
rapid,2018-4,Nakamura (34),2813.0
rapid,2018-4,Goryachkina (23),2476.0
rapid,2018-4,Anand (52),2822.0
rapid,2018-5,Abdusattorov (17),2220.0
rapid,2018-5,Firouzja (18),2367.0
rapid,2018-5,Carlsen (31),2880.0
rapid,2018-5,Duda (23),2704.0
rapid,2018-5,Nakamura (34),2813.0
rapid,2018-5,Goryachkina (23),2477.0
rapid,2018-5,Anand (52),2822.0
rapid,2018-6,Abdusattorov (17),2220.0
rapid,2018-6,Firouzja (18),2367.0
rapid,2018-6,Carlsen (31),2880.0
rapid,2018-6,Duda (23),2704.0
rapid,2018-6,Nakamura (34),2813.0
rapid,2018-6,Goryachkina (23),2477.0
rapid,2018-6,Anand (52),2822.0
rapid,2018-7,Abdusattorov (17),2220.0
rapid,2018-7,Firouzja (18),2367.0
rapid,2018-7,Carlsen (31),2880.0
rapid,2018-7,Duda (23),2704.0
rapid,2018-7,Nakamura (34),2824.0
rapid,2018-7,Goryachkina (23),2477.0
rapid,2018-7,Anand (52),2758.0
rapid,2018-8,Abdusattorov (17),2220.0
rapid,2018-8,Firouzja (18),2412.0
rapid,2018-8,Carlsen (31),2880.0
rapid,2018-8,Duda (23),2704.0
rapid,2018-8,Nakamura (34),2824.0
rapid,2018-8,Goryachkina (23),2477.0
rapid,2018-8,Anand (52),2758.0
rapid,2018-9,Abdusattorov (17),2315.0
rapid,2018-9,Firouzja (18),2412.0
rapid,2018-9,Carlsen (31),2880.0
rapid,2018-9,Duda (23),2704.0
rapid,2018-9,Nakamura (34),2844.0
rapid,2018-9,Goryachkina (23),2477.0
rapid,2018-9,Anand (52),2737.0
rapid,2018-10,Abdusattorov (17),2315.0
rapid,2018-10,Firouzja (18),2412.0
rapid,2018-10,Carlsen (31),2880.0
rapid,2018-10,Duda (23),2704.0
rapid,2018-10,Nakamura (34),2844.0
rapid,2018-10,Goryachkina (23),2477.0
rapid,2018-10,Anand (52),2737.0
rapid,2018-11,Abdusattorov (17),2312.0
rapid,2018-11,Firouzja (18),2412.0
rapid,2018-11,Carlsen (31),2880.0
rapid,2018-11,Duda (23),2704.0
rapid,2018-11,Nakamura (34),2844.0
rapid,2018-11,Goryachkina (23),2477.0
rapid,2018-11,Anand (52),2737.0
rapid,2018-12,Abdusattorov (17),2312.0
rapid,2018-12,Firouzja (18),2412.0
rapid,2018-12,Carlsen (31),2903.0
rapid,2018-12,Duda (23),2683.0
rapid,2018-12,Nakamura (34),2844.0
rapid,2018-12,Goryachkina (23),2477.0
rapid,2018-12,Anand (52),2723.0
rapid,2019-1,Abdusattorov (17),2400.0
rapid,2019-1,Firouzja (18),2569.0
rapid,2019-1,Carlsen (31),2869.0
rapid,2019-1,Duda (23),2716.0
rapid,2019-1,Nakamura (34),2845.0
rapid,2019-1,Goryachkina (23),2504.0
rapid,2019-1,Anand (52),2733.0
rapid,2019-2,Abdusattorov (17),2400.0
rapid,2019-2,Firouzja (18),2569.0
rapid,2019-2,Carlsen (31),2869.0
rapid,2019-2,Duda (23),2716.0
rapid,2019-2,Nakamura (34),2845.0
rapid,2019-2,Goryachkina (23),2504.0
rapid,2019-2,Anand (52),2733.0
rapid,2019-3,Abdusattorov (17),2400.0
rapid,2019-3,Firouzja (18),2569.0
rapid,2019-3,Carlsen (31),2869.0
rapid,2019-3,Duda (23),2758.0
rapid,2019-3,Nakamura (34),2803.0
rapid,2019-3,Goryachkina (23),2504.0
rapid,2019-3,Anand (52),2733.0
rapid,2019-4,Abdusattorov (17),2400.0
rapid,2019-4,Firouzja (18),2569.0
rapid,2019-4,Carlsen (31),2869.0
rapid,2019-4,Duda (23),2737.0
rapid,2019-4,Nakamura (34),2824.0
rapid,2019-4,Goryachkina (23),2504.0
rapid,2019-4,Anand (52),2733.0
rapid,2019-5,Abdusattorov (17),2400.0
rapid,2019-5,Firouzja (18),2569.0
rapid,2019-5,Carlsen (31),2869.0
rapid,2019-5,Duda (23),2737.0
rapid,2019-5,Nakamura (34),2824.0
rapid,2019-5,Goryachkina (23),2504.0
rapid,2019-5,Anand (52),2733.0
rapid,2019-6,Abdusattorov (17),2400.0
rapid,2019-6,Firouzja (18),2569.0
rapid,2019-6,Carlsen (31),2895.0
rapid,2019-6,Duda (23),2731.0
rapid,2019-6,Nakamura (34),2853.0
rapid,2019-6,Goryachkina (23),2504.0
rapid,2019-6,Anand (52),2735.0
rapid,2019-7,Abdusattorov (17),2400.0
rapid,2019-7,Firouzja (18),2625.0
rapid,2019-7,Carlsen (31),2895.0
rapid,2019-7,Duda (23),2731.0
rapid,2019-7,Nakamura (34),2853.0
rapid,2019-7,Goryachkina (23),2504.0
rapid,2019-7,Anand (52),2735.0
rapid,2019-8,Abdusattorov (17),2414.0
rapid,2019-8,Firouzja (18),2625.0
rapid,2019-8,Carlsen (31),2895.0
rapid,2019-8,Duda (23),2750.0
rapid,2019-8,Nakamura (34),2807.0
rapid,2019-8,Goryachkina (23),2504.0
rapid,2019-8,Anand (52),2757.0
rapid,2019-9,Abdusattorov (17),2414.0
rapid,2019-9,Firouzja (18),2625.0
rapid,2019-9,Carlsen (31),2849.0
rapid,2019-9,Duda (23),2750.0
rapid,2019-9,Nakamura (34),2807.0
rapid,2019-9,Goryachkina (23),2504.0
rapid,2019-9,Anand (52),2757.0
rapid,2019-10,Abdusattorov (17),2414.0
rapid,2019-10,Firouzja (18),2625.0
rapid,2019-10,Carlsen (31),2849.0
rapid,2019-10,Duda (23),2750.0
rapid,2019-10,Nakamura (34),2807.0
rapid,2019-10,Goryachkina (23),2504.0
rapid,2019-10,Anand (52),2757.0
rapid,2019-11,Abdusattorov (17),2418.0
rapid,2019-11,Firouzja (18),2614.0
rapid,2019-11,Carlsen (31),2849.0
rapid,2019-11,Duda (23),2745.0
rapid,2019-11,Nakamura (34),2812.0
rapid,2019-11,Goryachkina (23),2499.0
rapid,2019-11,Anand (52),2757.0
rapid,2019-12,Abdusattorov (17),2418.0
rapid,2019-12,Firouzja (18),2614.0
rapid,2019-12,Carlsen (31),2886.0
rapid,2019-12,Duda (23),2751.0
rapid,2019-12,Nakamura (34),2819.0
rapid,2019-12,Goryachkina (23),2499.0
rapid,2019-12,Anand (52),2751.0
rapid,2020-1,Abdusattorov (17),2469.0
rapid,2020-1,Firouzja (18),2703.0
rapid,2020-1,Carlsen (31),2881.0
rapid,2020-1,Duda (23),2774.0
rapid,2020-1,Nakamura (34),2829.0
rapid,2020-1,Goryachkina (23),2499.0
rapid,2020-1,Anand (52),2751.0
rapid,2020-2,Abdusattorov (17),2469.0
rapid,2020-2,Firouzja (18),2703.0
rapid,2020-2,Carlsen (31),2881.0
rapid,2020-2,Duda (23),2774.0
rapid,2020-2,Nakamura (34),2829.0
rapid,2020-2,Goryachkina (23),2502.0
rapid,2020-2,Anand (52),2751.0
rapid,2020-3,Abdusattorov (17),2469.0
rapid,2020-3,Firouzja (18),2703.0
rapid,2020-3,Carlsen (31),2881.0
rapid,2020-3,Duda (23),2774.0
rapid,2020-3,Nakamura (34),2829.0
rapid,2020-3,Goryachkina (23),2502.0
rapid,2020-3,Anand (52),2751.0
rapid,2020-4,Abdusattorov (17),2469.0
rapid,2020-4,Firouzja (18),2703.0
rapid,2020-4,Carlsen (31),2881.0
rapid,2020-4,Duda (23),2774.0
rapid,2020-4,Nakamura (34),2829.0
rapid,2020-4,Goryachkina (23),2502.0
rapid,2020-4,Anand (52),2751.0
rapid,2020-5,Abdusattorov (17),2469.0
rapid,2020-5,Firouzja (18),2703.0
rapid,2020-5,Carlsen (31),2881.0
rapid,2020-5,Duda (23),2774.0
rapid,2020-5,Nakamura (34),2829.0
rapid,2020-5,Goryachkina (23),2502.0
rapid,2020-5,Anand (52),2751.0
rapid,2020-6,Abdusattorov (17),2469.0
rapid,2020-6,Firouzja (18),2703.0
rapid,2020-6,Carlsen (31),2881.0
rapid,2020-6,Duda (23),2774.0
rapid,2020-6,Nakamura (34),2829.0
rapid,2020-6,Goryachkina (23),2502.0
rapid,2020-6,Anand (52),2751.0
rapid,2020-7,Abdusattorov (17),2469.0
rapid,2020-7,Firouzja (18),2703.0
rapid,2020-7,Carlsen (31),2881.0
rapid,2020-7,Duda (23),2774.0
rapid,2020-7,Nakamura (34),2829.0
rapid,2020-7,Goryachkina (23),2502.0
rapid,2020-7,Anand (52),2751.0
rapid,2020-8,Abdusattorov (17),2469.0
rapid,2020-8,Firouzja (18),2703.0
rapid,2020-8,Carlsen (31),2881.0
rapid,2020-8,Duda (23),2774.0
rapid,2020-8,Nakamura (34),2829.0
rapid,2020-8,Goryachkina (23),2502.0
rapid,2020-8,Anand (52),2751.0
rapid,2020-9,Abdusattorov (17),2469.0
rapid,2020-9,Firouzja (18),2703.0
rapid,2020-9,Carlsen (31),2881.0
rapid,2020-9,Duda (23),2774.0
rapid,2020-9,Nakamura (34),2829.0
rapid,2020-9,Goryachkina (23),2502.0
rapid,2020-9,Anand (52),2751.0
rapid,2020-10,Abdusattorov (17),2469.0
rapid,2020-10,Firouzja (18),2703.0
rapid,2020-10,Carlsen (31),2881.0
rapid,2020-10,Duda (23),2774.0
rapid,2020-10,Nakamura (34),2829.0
rapid,2020-10,Goryachkina (23),2502.0
rapid,2020-10,Anand (52),2751.0
rapid,2020-11,Abdusattorov (17),2469.0
rapid,2020-11,Firouzja (18),2703.0
rapid,2020-11,Carlsen (31),2881.0
rapid,2020-11,Duda (23),2774.0
rapid,2020-11,Nakamura (34),2829.0
rapid,2020-11,Goryachkina (23),2502.0
rapid,2020-11,Anand (52),2751.0
rapid,2020-12,Abdusattorov (17),2506.0
rapid,2020-12,Firouzja (18),2703.0
rapid,2020-12,Carlsen (31),2881.0
rapid,2020-12,Duda (23),2774.0
rapid,2020-12,Nakamura (34),2829.0
rapid,2020-12,Goryachkina (23),2502.0
rapid,2020-12,Anand (52),2751.0
blitz,2015-1,Abdusattorov (17),2044.0
blitz,2015-1,Firouzja (18),2083.0
blitz,2015-1,Carlsen (31),2948.0
blitz,2015-1,Duda (23),2651.0
blitz,2015-1,Nakamura (34),2883.0
blitz,2015-1,Goryachkina (23),2322.0
blitz,2015-1,Anand (52),2767.0
blitz,2015-2,Abdusattorov (17),2044.0
blitz,2015-2,Firouzja (18),2083.0
blitz,2015-2,Carlsen (31),2948.0
blitz,2015-2,Duda (23),2651.0
blitz,2015-2,Nakamura (34),2883.0
blitz,2015-2,Goryachkina (23),2322.0
blitz,2015-2,Anand (52),2767.0
blitz,2015-3,Abdusattorov (17),2044.0
blitz,2015-3,Firouzja (18),2083.0
blitz,2015-3,Carlsen (31),2948.0
blitz,2015-3,Duda (23),2651.0
blitz,2015-3,Nakamura (34),2883.0
blitz,2015-3,Goryachkina (23),2322.0
blitz,2015-3,Anand (52),2767.0
blitz,2015-4,Abdusattorov (17),2044.0
blitz,2015-4,Firouzja (18),2115.0
blitz,2015-4,Carlsen (31),2933.0
blitz,2015-4,Duda (23),2651.0
blitz,2015-4,Nakamura (34),2883.0
blitz,2015-4,Goryachkina (23),2322.0
blitz,2015-4,Anand (52),2767.0
blitz,2015-5,Abdusattorov (17),2044.0
blitz,2015-5,Firouzja (18),2169.0
blitz,2015-5,Carlsen (31),2933.0
blitz,2015-5,Duda (23),2651.0
blitz,2015-5,Nakamura (34),2883.0
blitz,2015-5,Goryachkina (23),2327.0
blitz,2015-5,Anand (52),2767.0
blitz,2015-6,Abdusattorov (17),2108.0
blitz,2015-6,Firouzja (18),2169.0
blitz,2015-6,Carlsen (31),2933.0
blitz,2015-6,Duda (23),2675.0
blitz,2015-6,Nakamura (34),2883.0
blitz,2015-6,Goryachkina (23),2363.0
blitz,2015-6,Anand (52),2767.0
blitz,2015-7,Abdusattorov (17),2108.0
blitz,2015-7,Firouzja (18),2169.0
blitz,2015-7,Carlsen (31),2914.0
blitz,2015-7,Duda (23),2675.0
blitz,2015-7,Nakamura (34),2887.0
blitz,2015-7,Goryachkina (23),2363.0
blitz,2015-7,Anand (52),2791.0
blitz,2015-8,Abdusattorov (17),2108.0
blitz,2015-8,Firouzja (18),2187.0
blitz,2015-8,Carlsen (31),2914.0
blitz,2015-8,Duda (23),2675.0
blitz,2015-8,Nakamura (34),2887.0
blitz,2015-8,Goryachkina (23),2377.0
blitz,2015-8,Anand (52),2791.0
blitz,2015-9,Abdusattorov (17),2108.0
blitz,2015-9,Firouzja (18),2187.0
blitz,2015-9,Carlsen (31),2914.0
blitz,2015-9,Duda (23),2675.0
blitz,2015-9,Nakamura (34),2887.0
blitz,2015-9,Goryachkina (23),2377.0
blitz,2015-9,Anand (52),2791.0
blitz,2015-10,Abdusattorov (17),2108.0
blitz,2015-10,Firouzja (18),2272.0
blitz,2015-10,Carlsen (31),2914.0
blitz,2015-10,Duda (23),2675.0
blitz,2015-10,Nakamura (34),2887.0
blitz,2015-10,Goryachkina (23),2377.0
blitz,2015-10,Anand (52),2791.0
blitz,2015-11,Abdusattorov (17),2147.0
blitz,2015-11,Firouzja (18),2272.0
blitz,2015-11,Carlsen (31),2878.0
blitz,2015-11,Duda (23),2678.0
blitz,2015-11,Nakamura (34),2884.0
blitz,2015-11,Goryachkina (23),2377.0
blitz,2015-11,Anand (52),2764.0
blitz,2015-12,Abdusattorov (17),2148.0
blitz,2015-12,Firouzja (18),2293.0
blitz,2015-12,Carlsen (31),2878.0
blitz,2015-12,Duda (23),2678.0
blitz,2015-12,Nakamura (34),2884.0
blitz,2015-12,Goryachkina (23),2377.0
blitz,2015-12,Anand (52),2764.0
blitz,2016-1,Abdusattorov (17),2148.0
blitz,2016-1,Firouzja (18),2293.0
blitz,2016-1,Carlsen (31),2890.0
blitz,2016-1,Duda (23),2678.0
blitz,2016-1,Nakamura (34),2884.0
blitz,2016-1,Goryachkina (23),2377.0
blitz,2016-1,Anand (52),2764.0
blitz,2016-2,Abdusattorov (17),2148.0
blitz,2016-2,Firouzja (18),2293.0
blitz,2016-2,Carlsen (31),2890.0
blitz,2016-2,Duda (23),2678.0
blitz,2016-2,Nakamura (34),2884.0
blitz,2016-2,Goryachkina (23),2377.0
blitz,2016-2,Anand (52),2764.0
blitz,2016-3,Abdusattorov (17),2251.0
blitz,2016-3,Firouzja (18),2293.0
blitz,2016-3,Carlsen (31),2890.0
blitz,2016-3,Duda (23),2678.0
blitz,2016-3,Nakamura (34),2883.0
blitz,2016-3,Goryachkina (23),2377.0
blitz,2016-3,Anand (52),2764.0
blitz,2016-4,Abdusattorov (17),2251.0
blitz,2016-4,Firouzja (18),2415.0
blitz,2016-4,Carlsen (31),2890.0
blitz,2016-4,Duda (23),2678.0
blitz,2016-4,Nakamura (34),2883.0
blitz,2016-4,Goryachkina (23),2303.0
blitz,2016-4,Anand (52),2764.0
blitz,2016-5,Abdusattorov (17),2251.0
blitz,2016-5,Firouzja (18),2417.0
blitz,2016-5,Carlsen (31),2915.0
blitz,2016-5,Duda (23),2678.0
blitz,2016-5,Nakamura (34),2883.0
blitz,2016-5,Goryachkina (23),2303.0
blitz,2016-5,Anand (52),2764.0
blitz,2016-6,Abdusattorov (17),2251.0
blitz,2016-6,Firouzja (18),2428.0
blitz,2016-6,Carlsen (31),2915.0
blitz,2016-6,Duda (23),2680.0
blitz,2016-6,Nakamura (34),2883.0
blitz,2016-6,Goryachkina (23),2303.0
blitz,2016-6,Anand (52),2764.0
blitz,2016-7,Abdusattorov (17),2333.0
blitz,2016-7,Firouzja (18),2413.0
blitz,2016-7,Carlsen (31),2873.0
blitz,2016-7,Duda (23),2680.0
blitz,2016-7,Nakamura (34),2842.0
blitz,2016-7,Goryachkina (23),2303.0
blitz,2016-7,Anand (52),2790.0
blitz,2016-8,Abdusattorov (17),2333.0
blitz,2016-8,Firouzja (18),2463.0
blitz,2016-8,Carlsen (31),2873.0
blitz,2016-8,Duda (23),2680.0
blitz,2016-8,Nakamura (34),2842.0
blitz,2016-8,Goryachkina (23),2303.0
blitz,2016-8,Anand (52),2790.0
blitz,2016-9,Abdusattorov (17),2333.0
blitz,2016-9,Firouzja (18),2463.0
blitz,2016-9,Carlsen (31),2873.0
blitz,2016-9,Duda (23),2680.0
blitz,2016-9,Nakamura (34),2842.0
blitz,2016-9,Goryachkina (23),2303.0
blitz,2016-9,Anand (52),2790.0
blitz,2016-10,Abdusattorov (17),2333.0
blitz,2016-10,Firouzja (18),2463.0
blitz,2016-10,Carlsen (31),2873.0
blitz,2016-10,Duda (23),2680.0
blitz,2016-10,Nakamura (34),2842.0
blitz,2016-10,Goryachkina (23),2303.0
blitz,2016-10,Anand (52),2754.0
blitz,2016-11,Abdusattorov (17),2350.0
blitz,2016-11,Firouzja (18),2463.0
blitz,2016-11,Carlsen (31),2873.0
blitz,2016-11,Duda (23),2680.0
blitz,2016-11,Nakamura (34),2842.0
blitz,2016-11,Goryachkina (23),2371.0
blitz,2016-11,Anand (52),2754.0
blitz,2016-12,Abdusattorov (17),2350.0
blitz,2016-12,Firouzja (18),2474.0
blitz,2016-12,Carlsen (31),2873.0
blitz,2016-12,Duda (23),2680.0
blitz,2016-12,Nakamura (34),2842.0
blitz,2016-12,Goryachkina (23),2371.0
blitz,2016-12,Anand (52),2754.0
blitz,2017-1,Abdusattorov (17),2370.0
blitz,2017-1,Firouzja (18),2567.0
blitz,2017-1,Carlsen (31),2914.0
blitz,2017-1,Duda (23),2680.0
blitz,2017-1,Nakamura (34),2851.0
blitz,2017-1,Goryachkina (23),2401.0
blitz,2017-1,Anand (52),2766.0
blitz,2017-2,Abdusattorov (17),2370.0
blitz,2017-2,Firouzja (18),2567.0
blitz,2017-2,Carlsen (31),2914.0
blitz,2017-2,Duda (23),2680.0
blitz,2017-2,Nakamura (34),2851.0
blitz,2017-2,Goryachkina (23),2401.0
blitz,2017-2,Anand (52),2766.0
blitz,2017-3,Abdusattorov (17),2370.0
blitz,2017-3,Firouzja (18),2579.0
blitz,2017-3,Carlsen (31),2914.0
blitz,2017-3,Duda (23),2680.0
blitz,2017-3,Nakamura (34),2865.0
blitz,2017-3,Goryachkina (23),2401.0
blitz,2017-3,Anand (52),2766.0
blitz,2017-4,Abdusattorov (17),2458.0
blitz,2017-4,Firouzja (18),2581.0
blitz,2017-4,Carlsen (31),2914.0
blitz,2017-4,Duda (23),2680.0
blitz,2017-4,Nakamura (34),2865.0
blitz,2017-4,Goryachkina (23),2401.0
blitz,2017-4,Anand (52),2766.0
blitz,2017-5,Abdusattorov (17),2414.0
blitz,2017-5,Firouzja (18),2581.0
blitz,2017-5,Carlsen (31),2914.0
blitz,2017-5,Duda (23),2680.0
blitz,2017-5,Nakamura (34),2865.0
blitz,2017-5,Goryachkina (23),2401.0
blitz,2017-5,Anand (52),2766.0
blitz,2017-6,Abdusattorov (17),2414.0
blitz,2017-6,Firouzja (18),2572.0
blitz,2017-6,Carlsen (31),2914.0
blitz,2017-6,Duda (23),2682.0
blitz,2017-6,Nakamura (34),2865.0
blitz,2017-6,Goryachkina (23),2401.0
blitz,2017-6,Anand (52),2766.0
blitz,2017-7,Abdusattorov (17),2414.0
blitz,2017-7,Firouzja (18),2572.0
blitz,2017-7,Carlsen (31),2899.0
blitz,2017-7,Duda (23),2682.0
blitz,2017-7,Nakamura (34),2868.0
blitz,2017-7,Goryachkina (23),2401.0
blitz,2017-7,Anand (52),2766.0
blitz,2017-8,Abdusattorov (17),2414.0
blitz,2017-8,Firouzja (18),2626.0
blitz,2017-8,Carlsen (31),2948.0
blitz,2017-8,Duda (23),2682.0
blitz,2017-8,Nakamura (34),2868.0
blitz,2017-8,Goryachkina (23),2401.0
blitz,2017-8,Anand (52),2756.0
blitz,2017-9,Abdusattorov (17),2469.0
blitz,2017-9,Firouzja (18),2638.0
blitz,2017-9,Carlsen (31),2948.0
blitz,2017-9,Duda (23),2682.0
blitz,2017-9,Nakamura (34),2857.0
blitz,2017-9,Goryachkina (23),2401.0
blitz,2017-9,Anand (52),2736.0
blitz,2017-10,Abdusattorov (17),2460.0
blitz,2017-10,Firouzja (18),2641.0
blitz,2017-10,Carlsen (31),2948.0
blitz,2017-10,Duda (23),2682.0
blitz,2017-10,Nakamura (34),2857.0
blitz,2017-10,Goryachkina (23),2401.0
blitz,2017-10,Anand (52),2736.0
blitz,2017-11,Abdusattorov (17),2463.0
blitz,2017-11,Firouzja (18),2641.0
blitz,2017-11,Carlsen (31),2948.0
blitz,2017-11,Duda (23),2682.0
blitz,2017-11,Nakamura (34),2857.0
blitz,2017-11,Goryachkina (23),2440.0
blitz,2017-11,Anand (52),2736.0
blitz,2017-12,Abdusattorov (17),2463.0
blitz,2017-12,Firouzja (18),2641.0
blitz,2017-12,Carlsen (31),2986.0
blitz,2017-12,Duda (23),2682.0
blitz,2017-12,Nakamura (34),2853.0
blitz,2017-12,Goryachkina (23),2440.0
blitz,2017-12,Anand (52),2736.0
blitz,2018-1,Abdusattorov (17),2463.0
blitz,2018-1,Firouzja (18),2641.0
blitz,2018-1,Carlsen (31),2965.0
blitz,2018-1,Duda (23),2687.0
blitz,2018-1,Nakamura (34),2853.0
blitz,2018-1,Goryachkina (23),2449.0
blitz,2018-1,Anand (52),2801.0
blitz,2018-2,Abdusattorov (17),2463.0
blitz,2018-2,Firouzja (18),2641.0
blitz,2018-2,Carlsen (31),2965.0
blitz,2018-2,Duda (23),2687.0
blitz,2018-2,Nakamura (34),2853.0
blitz,2018-2,Goryachkina (23),2449.0
blitz,2018-2,Anand (52),2801.0
blitz,2018-3,Abdusattorov (17),2453.0
blitz,2018-3,Firouzja (18),2641.0
blitz,2018-3,Carlsen (31),2965.0
blitz,2018-3,Duda (23),2687.0
blitz,2018-3,Nakamura (34),2842.0
blitz,2018-3,Goryachkina (23),2449.0
blitz,2018-3,Anand (52),2801.0
blitz,2018-4,Abdusattorov (17),2529.0
blitz,2018-4,Firouzja (18),2632.0
blitz,2018-4,Carlsen (31),2965.0
blitz,2018-4,Duda (23),2687.0
blitz,2018-4,Nakamura (34),2869.0
blitz,2018-4,Goryachkina (23),2449.0
blitz,2018-4,Anand (52),2784.0
blitz,2018-5,Abdusattorov (17),2529.0
blitz,2018-5,Firouzja (18),2632.0
blitz,2018-5,Carlsen (31),2965.0
blitz,2018-5,Duda (23),2687.0
blitz,2018-5,Nakamura (34),2869.0
blitz,2018-5,Goryachkina (23),2448.0
blitz,2018-5,Anand (52),2784.0
blitz,2018-6,Abdusattorov (17),2529.0
blitz,2018-6,Firouzja (18),2597.0
blitz,2018-6,Carlsen (31),2939.0
blitz,2018-6,Duda (23),2708.0
blitz,2018-6,Nakamura (34),2878.0
blitz,2018-6,Goryachkina (23),2422.0
blitz,2018-6,Anand (52),2817.0
blitz,2018-7,Abdusattorov (17),2529.0
blitz,2018-7,Firouzja (18),2629.0
blitz,2018-7,Carlsen (31),2939.0
blitz,2018-7,Duda (23),2694.0
blitz,2018-7,Nakamura (34),2913.0
blitz,2018-7,Goryachkina (23),2422.0
blitz,2018-7,Anand (52),2812.0
blitz,2018-8,Abdusattorov (17),2539.0
blitz,2018-8,Firouzja (18),2627.0
blitz,2018-8,Carlsen (31),2939.0
blitz,2018-8,Duda (23),2694.0
blitz,2018-8,Nakamura (34),2913.0
blitz,2018-8,Goryachkina (23),2422.0
blitz,2018-8,Anand (52),2812.0
blitz,2018-9,Abdusattorov (17),2496.0
blitz,2018-9,Firouzja (18),2649.0
blitz,2018-9,Carlsen (31),2939.0
blitz,2018-9,Duda (23),2694.0
blitz,2018-9,Nakamura (34),2893.0
blitz,2018-9,Goryachkina (23),2422.0
blitz,2018-9,Anand (52),2786.0
blitz,2018-10,Abdusattorov (17),2498.0
blitz,2018-10,Firouzja (18),2665.0
blitz,2018-10,Carlsen (31),2939.0
blitz,2018-10,Duda (23),2693.0
blitz,2018-10,Nakamura (34),2894.0
blitz,2018-10,Goryachkina (23),2423.0
blitz,2018-10,Anand (52),2786.0
blitz,2018-11,Abdusattorov (17),2466.0
blitz,2018-11,Firouzja (18),2667.0
blitz,2018-11,Carlsen (31),2939.0
blitz,2018-11,Duda (23),2694.0
blitz,2018-11,Nakamura (34),2893.0
blitz,2018-11,Goryachkina (23),2422.0
blitz,2018-11,Anand (52),2786.0
blitz,2018-12,Abdusattorov (17),2469.0
blitz,2018-12,Firouzja (18),2667.0
blitz,2018-12,Carlsen (31),2939.0
blitz,2018-12,Duda (23),2694.0
blitz,2018-12,Nakamura (34),2889.0
blitz,2018-12,Goryachkina (23),2422.0
blitz,2018-12,Anand (52),2832.0
blitz,2019-1,Abdusattorov (17),2561.0
blitz,2019-1,Firouzja (18),2724.0
blitz,2019-1,Carlsen (31),2954.0
blitz,2019-1,Duda (23),2818.0
blitz,2019-1,Nakamura (34),2894.0
blitz,2019-1,Goryachkina (23),2441.0
blitz,2019-1,Anand (52),2747.0
blitz,2019-2,Abdusattorov (17),2561.0
blitz,2019-2,Firouzja (18),2724.0
blitz,2019-2,Carlsen (31),2954.0
blitz,2019-2,Duda (23),2818.0
blitz,2019-2,Nakamura (34),2894.0
blitz,2019-2,Goryachkina (23),2441.0
blitz,2019-2,Anand (52),2747.0
blitz,2019-3,Abdusattorov (17),2561.0
blitz,2019-3,Firouzja (18),2724.0
blitz,2019-3,Carlsen (31),2954.0
blitz,2019-3,Duda (23),2778.0
blitz,2019-3,Nakamura (34),2934.0
blitz,2019-3,Goryachkina (23),2441.0
blitz,2019-3,Anand (52),2747.0
blitz,2019-4,Abdusattorov (17),2551.0
blitz,2019-4,Firouzja (18),2660.0
blitz,2019-4,Carlsen (31),2954.0
blitz,2019-4,Duda (23),2778.0
blitz,2019-4,Nakamura (34),2934.0
blitz,2019-4,Goryachkina (23),2441.0
blitz,2019-4,Anand (52),2747.0
blitz,2019-5,Abdusattorov (17),2551.0
blitz,2019-5,Firouzja (18),2660.0
blitz,2019-5,Carlsen (31),2954.0
blitz,2019-5,Duda (23),2778.0
blitz,2019-5,Nakamura (34),2934.0
blitz,2019-5,Goryachkina (23),2441.0
blitz,2019-5,Anand (52),2747.0
blitz,2019-6,Abdusattorov (17),2550.0
blitz,2019-6,Firouzja (18),2660.0
blitz,2019-6,Carlsen (31),2923.0
blitz,2019-6,Duda (23),2778.0
blitz,2019-6,Nakamura (34),2902.0
blitz,2019-6,Goryachkina (23),2441.0
blitz,2019-6,Anand (52),2747.0
blitz,2019-7,Abdusattorov (17),2550.0
blitz,2019-7,Firouzja (18),2649.0
blitz,2019-7,Carlsen (31),2920.0
blitz,2019-7,Duda (23),2778.0
blitz,2019-7,Nakamura (34),2902.0
blitz,2019-7,Goryachkina (23),2441.0
blitz,2019-7,Anand (52),2730.0
blitz,2019-8,Abdusattorov (17),2600.0
blitz,2019-8,Firouzja (18),2649.0
blitz,2019-8,Carlsen (31),2920.0
blitz,2019-8,Duda (23),2778.0
blitz,2019-8,Nakamura (34),2902.0
blitz,2019-8,Goryachkina (23),2441.0
blitz,2019-8,Anand (52),2730.0
blitz,2019-9,Abdusattorov (17),2600.0
blitz,2019-9,Firouzja (18),2649.0
blitz,2019-9,Carlsen (31),2828.0
blitz,2019-9,Duda (23),2812.0
blitz,2019-9,Nakamura (34),2871.0
blitz,2019-9,Goryachkina (23),2441.0
blitz,2019-9,Anand (52),2791.0
blitz,2019-10,Abdusattorov (17),2600.0
blitz,2019-10,Firouzja (18),2649.0
blitz,2019-10,Carlsen (31),2828.0
blitz,2019-10,Duda (23),2812.0
blitz,2019-10,Nakamura (34),2871.0
blitz,2019-10,Goryachkina (23),2441.0
blitz,2019-10,Anand (52),2791.0
blitz,2019-11,Abdusattorov (17),2600.0
blitz,2019-11,Firouzja (18),2649.0
blitz,2019-11,Carlsen (31),2828.0
blitz,2019-11,Duda (23),2796.0
blitz,2019-11,Nakamura (34),2871.0
blitz,2019-11,Goryachkina (23),2441.0
blitz,2019-11,Anand (52),2791.0
blitz,2019-12,Abdusattorov (17),2600.0
blitz,2019-12,Firouzja (18),2649.0
blitz,2019-12,Carlsen (31),2865.0
blitz,2019-12,Duda (23),2796.0
blitz,2019-12,Nakamura (34),2885.0
blitz,2019-12,Goryachkina (23),2441.0
blitz,2019-12,Anand (52),2785.0
blitz,2020-1,Abdusattorov (17),2633.0
blitz,2020-1,Firouzja (18),2750.0
blitz,2020-1,Carlsen (31),2887.0
blitz,2020-1,Duda (23),2799.0
blitz,2020-1,Nakamura (34),2900.0
blitz,2020-1,Goryachkina (23),2441.0
blitz,2020-1,Anand (52),2785.0
blitz,2020-2,Abdusattorov (17),2633.0
blitz,2020-2,Firouzja (18),2750.0
blitz,2020-2,Carlsen (31),2887.0
blitz,2020-2,Duda (23),2799.0
blitz,2020-2,Nakamura (34),2900.0
blitz,2020-2,Goryachkina (23),2441.0
blitz,2020-2,Anand (52),2785.0
blitz,2020-3,Abdusattorov (17),2633.0
blitz,2020-3,Firouzja (18),2750.0
blitz,2020-3,Carlsen (31),2887.0
blitz,2020-3,Duda (23),2799.0
blitz,2020-3,Nakamura (34),2900.0
blitz,2020-3,Goryachkina (23),2441.0
blitz,2020-3,Anand (52),2785.0
blitz,2020-4,Abdusattorov (17),2662.0
blitz,2020-4,Firouzja (18),2750.0
blitz,2020-4,Carlsen (31),2887.0
blitz,2020-4,Duda (23),2799.0
blitz,2020-4,Nakamura (34),2900.0
blitz,2020-4,Goryachkina (23),2441.0
blitz,2020-4,Anand (52),2785.0
blitz,2020-5,Abdusattorov (17),2662.0
blitz,2020-5,Firouzja (18),2750.0
blitz,2020-5,Carlsen (31),2887.0
blitz,2020-5,Duda (23),2799.0
blitz,2020-5,Nakamura (34),2900.0
blitz,2020-5,Goryachkina (23),2441.0
blitz,2020-5,Anand (52),2785.0
blitz,2020-6,Abdusattorov (17),2662.0
blitz,2020-6,Firouzja (18),2750.0
blitz,2020-6,Carlsen (31),2886.0
blitz,2020-6,Duda (23),2799.0
blitz,2020-6,Nakamura (34),2900.0
blitz,2020-6,Goryachkina (23),2441.0
blitz,2020-6,Anand (52),2785.0
blitz,2020-7,Abdusattorov (17),2662.0
blitz,2020-7,Firouzja (18),2770.0
blitz,2020-7,Carlsen (31),2886.0
blitz,2020-7,Duda (23),2799.0
blitz,2020-7,Nakamura (34),2900.0
blitz,2020-7,Goryachkina (23),2441.0
blitz,2020-7,Anand (52),2785.0
blitz,2020-8,Abdusattorov (17),2662.0
blitz,2020-8,Firouzja (18),2770.0
blitz,2020-8,Carlsen (31),2886.0
blitz,2020-8,Duda (23),2799.0
blitz,2020-8,Nakamura (34),2900.0
blitz,2020-8,Goryachkina (23),2441.0
blitz,2020-8,Anand (52),2785.0
blitz,2020-9,Abdusattorov (17),2662.0
blitz,2020-9,Firouzja (18),2770.0
blitz,2020-9,Carlsen (31),2886.0
blitz,2020-9,Duda (23),2799.0
blitz,2020-9,Nakamura (34),2900.0
blitz,2020-9,Goryachkina (23),2441.0
blitz,2020-9,Anand (52),2785.0
blitz,2020-10,Abdusattorov (17),2662.0
blitz,2020-10,Firouzja (18),2770.0
blitz,2020-10,Carlsen (31),2886.0
blitz,2020-10,Duda (23),2799.0
blitz,2020-10,Nakamura (34),2900.0
blitz,2020-10,Goryachkina (23),2441.0
blitz,2020-10,Anand (52),2785.0
blitz,2020-11,Abdusattorov (17),2662.0
blitz,2020-11,Firouzja (18),2770.0
blitz,2020-11,Carlsen (31),2886.0
blitz,2020-11,Duda (23),2799.0
blitz,2020-11,Nakamura (34),2900.0
blitz,2020-11,Goryachkina (23),2441.0
blitz,2020-11,Anand (52),2785.0
blitz,2020-12,Abdusattorov (17),2662.0
blitz,2020-12,Firouzja (18),2770.0
blitz,2020-12,Carlsen (31),2886.0
blitz,2020-12,Duda (23),2799.0
blitz,2020-12,Nakamura (34),2900.0
blitz,2020-12,Goryachkina (23),2441.0
blitz,2020-12,Anand (52),2785.0
